{"cameraMode":{"drawMode":0,"name":"Shaded","section":"Shading Mode"},"sceneLighting":true,"audioPlay":false,"sceneViewState":{"showFog":true,"showMaterialUpdate":false,"showSkybox":true,"showFlares":true,"showImageEffects":true,"showParticleSystems":true},"in2DMode":false,"pivot":{"x":-0.45393502712249758,"y":0.6482943296432495,"z":0.3620838522911072},"rotation":{"x":-0.11753012984991074,"y":-0.7084088325500488,"z":0.12149452418088913,"w":-0.6852611303329468},"size":0.2102743536233902,"orthographic":false}